url,language,paragraph
https://nl.wikipedia.org/wiki/Guy_Verhofstadt,nl,"Guy Maurice Marie-Louise Verhofstadt (uitspraakⓘ) (Dendermonde,11 april1953) is een Belgischpoliticusvoor de Open Vlaamse Liberalen en Democraten(Open Vld). Hij waspremier van Belgiëvan 12 juli 1999 tot 20 maart 2008 in drie regeringen. Hij beëindigde zijn actieve politieke carrière in het Europees Parlement, waar hij van 2009 tot 2019 fractieleider van de Alliantie van Liberalen en Democraten voor Europa(ALDE) was."
https://nl.wikipedia.org/wiki/Yves_Leterme,nl,"Yves Camille Désiré Leterme(Wervik,6 oktober1960) is een voormalig Belgischpoliticus. Hij was onder meer Vlaams minister-presidentenpremier van België. Hij was lang boegbeeld van de CD&Ven boegbeeld van het toenmalige kartel CD&V/N-VA."
https://nl.wikipedia.org/wiki/Herman_Van_Rompuy,nl,"Herman Achille graaf Van Rompuy(Etterbeek,31 oktober1947) is een Belgischepoliticus van de christendemocratische partij CD&V. Hij was tussen 30 december 2008 en 25 november 2009 depremier van Belgiëen van 1 januari 2010 tot en met 30 november 2014 voorzitter van de Europese Raad, in de media vaak incorrect 'president van Europa' genoemd. Op 19 november 2009 werd bekendgemaakt dat hij was verkozen tot de eerste permanente voorzitter en op 1 maart 2012 werd Van Rompuy met algemene stemmen door de 27 staatshoofden en regeringsleiders van de EU voor een tweede mandaat benoemd. Na deze termijn was hij niet meer herkiesbaar."
https://nl.wikipedia.org/wiki/L%C3%A9on_Delacroix,nl,"Léon Fréderic Gustave Delacroix(Sint-Joost-ten-Node,27 december1867–Baden-Baden,15 oktober1929) was een Belgischkatholiekpoliticus. Van 1918 tot 1920 was hijpremier van België."
https://nl.wikipedia.org/wiki/Henri_Carton_de_Wiart,nl,"Henri Victor Marie Ghislain Carton de Wiart(Brussel,31 januari1869–Ukkel,6 mei1951) (ook als ""Henry"" vermeld) was een Belgischepoliticus. Hij waspremiervan 1920 tot 1921."
https://nl.wikipedia.org/wiki/Georges_Theunis,nl,"Georges Emile Pierre Léonard Theunis(Montegnée,28 februari1873–Brussel,4 januari1966) was een Belgischindustrieelenpoliticusvan de Katholieke Partij."
https://nl.wikipedia.org/wiki/Aloys_Van_de_Vyvere,nl,"Aloys Jean Maria Joseph Van de Vyvere(Tielt,8 juni1871-Parijs,22 oktober1961) was een Belgischkatholiekvolksvertegenwoordigerenminister."
https://nl.wikipedia.org/wiki/Prosper_Poullet,nl,"Prosper Antoine Marie Joseph burggraaf Poullet(Leuven,5 maart1868-3 december1937) was een Belgischpoliticus."
https://nl.wikipedia.org/wiki/Henri_Jaspar,nl,"Henri Jaspar(Schaarbeek,28 juli1870-Sint-Gillis,15 februari1939 ) was een Belgischkatholiekpoliticus, die twee keer premier van België was."
https://nl.wikipedia.org/wiki/Jules_Renkin,nl,"Jules Laurent Jean Louis Renkin(Elsene,3 december1862-Brussel,15 juli1934) was een Belgischkatholiekpoliticus."
https://nl.wikipedia.org/wiki/Paul_van_Zeeland,nl,"Paul Guillaume van Zeeland(Zinnik,11 november1893–Brussel,22 september1973) was een Belgischadvocaat, econoom, katholiek politicus en staatsman."
https://nl.wikipedia.org/wiki/Achiel_Van_Acker,nl,"Achille Honoré (Achiel) Van Ackeruitspraakⓘ(Brugge,8 april1898– aldaar,10 juli1975) was een Belgischsocialistischpoliticus. Hij was viermaalpremier van België."
https://nl.wikipedia.org/wiki/Camille_Huysmans,nl,"Jean Joseph Camille Huysmans(ook Kamiel Huysmansgenoemd) (Bilzen,26 mei1871-Antwerpen,25 februari1968), geboren als Camiel Hansen, was een Belgischjournalistensocialistischpoliticusvoor de BWP/BSP."
https://nl.wikipedia.org/wiki/Gaston_Eyskens,nl,"Gaston François Marie burggraaf Eyskens(Lier,1 april1905–Leuven,3 januari1988) was een Belgischeconoom,hoogleraaraan de Katholieke Universiteit Leuvenenchristendemocratischpoliticus. Hij was driemaaleerste ministerin de periode tussen 1949 en 1973. Hij was de eerste Belgische regeringsleider die geboren was in de 20 e eeuw."
https://nl.wikipedia.org/wiki/Leo_Tindemans,nl,"Leonard Clemence (Leo) Tindemans(Zwijndrecht,16 april1922–Edegem,26 december2014) was een Belgischpoliticusvoor de CVPenminister van staat. Hij waseerste ministervan twee regeringen in België(periode van25 april1974 tot20 oktober1978) en behaalde het grootste aantal voorkeurstemmen in de Belgische geschiedenis bij de Europese verkiezingenvan 1979. Daardoor kreeg hij de bijnaam ""de man van 1 miljoen stemmen""."
https://nl.wikipedia.org/wiki/Elio_Di_Rupo,nl,"Elio Di Rupo(Morlanwelz,18 juli1951) is een Belgischepoliticusvoor de Parti Socialiste(PS). Van 6 december 2011 tot 11 oktober 2014 was hijpremier van Belgiëen werd meermaals minister en minister-president van de Waalse Regering."
https://nl.wikipedia.org/wiki/Jean-Luc_Dehaene,nl,"Jean Luc Joseph Marie Dehaene uitspraakⓘ(Montpellier,7 augustus1940–Quimper,15 mei2014) was van 1992 tot 1999 premier van België. Hij was lid van de toenmalige CVP(nu CD&V). Onder zijn regering werd België een volwaardigefederalestaat. Dehaene leidde twee coalitieregeringen met desocialistenen bekleedde verschillende ministerposten voor hij in 1992 eerste minister werd. Van 2000 tot 2007 was hijburgemeestervan Vilvoorde. In 2002 werd hij voorgedragen alsvicevoorzittervan de Europese Conventie."
https://nl.wikipedia.org/wiki/Frans_Schollaert,nl,"François Victor Marie Ghislain (Frans) Schollaert(Wilsele,19 augustus1851-Sainte-Adresse,25 juni1917) was een Belgischkatholiekpoliticus."
https://nl.wikipedia.org/wiki/Pieter_de_Decker,nl,"Pierre Jacques François (Pieter) de Decker(Zele,25 januari1812-Schaarbeek,4 januari1891) was een Belgischpoliticusenauteur."
https://nl.wikipedia.org/wiki/Paul-Henri_Spaak,nl,"Paul-Henri Charles Spaakuitspraakⓘ(Schaarbeek,25 januari1899-Eigenbrakel,31 juli1972) was een Belgischsocialistischpoliticusen regeringsleider."
https://nl.wikipedia.org/wiki/Auguste_Beernaert,nl,"Auguste Marie François (August) Beernaert(Oostende,26 juli1829–Luzern,6 oktober1912) was een Belgischkatholiekpoliticusenmensenrechtenactivist. In 1909 won hij de Nobelprijs voor de Vrede."
https://nl.wikipedia.org/wiki/Th%C3%A9o_Lef%C3%A8vre,nl,"Théodore Joseph Albéric Marie Lefèvre(Gent,17 januari1914–Sint-Lambrechts-Woluwe,18 september1973) was een Belgischpoliticus. Hij was premier van België van 1961 tot 1965, aan het hoofd van deregering-Lefèvre-Spaak."
https://nl.wikipedia.org/wiki/Paul_Vanden_Boeynants,nl,"Paul Emile François Henri Vanden Boeynants(Vorst,22 mei1919–Aalst,8 januari2001), in de media en door hemzelf bijgenaamd 'VDB', was een Belgischvolksvertegenwoordiger, minister enpremier. Alsondernemerwas hij actief in de vleesindustrie."
https://nl.wikipedia.org/wiki/Etienne_de_Gerlache,nl,"Etienne Constantin baron de Gerlache(Biourge,25 december1785-Elsene,10 februari1871) wasadvocaat, politicus en magistraat in het Verenigd Koninkrijk der Nederlandenen in België."
https://nl.wikipedia.org/wiki/Wilfried_Martens,nl,"Wilfried Achiel Emma Martensuitspraakⓘ(Sleidinge,19 april1936–Lokeren,9 oktober2013) was een Vlaams-Belgische politicus voor de CD&V(vroeger CVP) en was van april 1979 tot maart 1992 (met een korte onderbreking)eerste ministervan België."
https://nl.wikipedia.org/wiki/Mark_Eyskens,nl,"Marc Maria Frans burggraaf Eyskens(uitspraakⓘ) (Leuven,29 april1933) is een Belgischeemeritushoogleraar,econoom,politicusenessayist. Van april tot december 1981 was hijpremier van België."
https://nl.wikipedia.org/wiki/Pierre_Harmel,nl,"Pierre Charles José Marie graaf Harmel(Ukkel,16 maart1911–Brussel,15 november2009) was een Belgischadvocaat,hoogleraaren christendemocratischstaatsman."
https://nl.wikipedia.org/wiki/Hubert_Pierlot,nl,"Hubert Marie Eugène Pierlot(Cugnon,23 december1883–Ukkel,13 december1963) was de Belgischeeerste ministervan1939 tot1945."
https://nl.wikipedia.org/wiki/Jean-Baptiste_Nothomb,nl,"Jean Baptiste Nothomb(Messancy,3 juli1805–Berlijn,16 september1881) was een Belgischstaatsman en diplomaat die een belangrijke rol speelde bij het tot stand komen van de Belgische staat. Zo was hij een van de opstellers van de Belgische grondweten onderhandelde hij over de verdragen die de Belgische onafhankelijkheidgarandeerden."
https://nl.wikipedia.org/wiki/Edmond_Leburton,nl,"Edmond Jules Isidore Leburton(Lantremange,18 april1915–Borgworm,15 juni1997) was een Belgischpoliticusvoor de PSB."
https://nl.wikipedia.org/wiki/Jean_Duvieusart,nl,"Jean Pierre Armand Ghislain Marie Duvieusart(Frasnes-lez-Gosselies,10 april1900–Couillet,11 oktober1977) was een Belgischadvocaatenkatholiekpoliticus."
https://nl.wikipedia.org/wiki/Joseph_Lebeau,nl,"Jean Louis Joseph Lebeau(Hoei,2 januari1794– aldaar,19 maart1865) was lid van het Nationaal Congres,Belgischliberaalvolksvertegenwoordigereneerste minister."
https://nl.wikipedia.org/wiki/Charles_Rogier,nl,"Charles Latour Rogier(Nederlands, verouderd: Karel Rogier;Saint-Quentin17 augustus1800–Sint-Joost-ten-Node,27 mei1885) was een Belgischpoliticus en een van de grondleggers van de Belgische staat."
https://nl.wikipedia.org/wiki/Barth%C3%A9lemy_de_Theux_de_Meylandt,nl,"Barthélemy-Théodore graaf de Theux de Meylandt(Sint-Truiden,26 februari1794–Heusden,21 augustus1874) was een Belgischstaatsman, eerste minister en lid van het Nationaal Congres."
https://nl.wikipedia.org/wiki/Felix_de_M%C3%BBelenaere,nl,"Felix Amandus de Mûelenaere(Pittem,9 april1793– aldaar,5 augustus1862) was een Belgischunionistischpoliticus."
https://nl.wikipedia.org/wiki/Alexander_De_Croo,nl,"Alexander Francis Herman De Croo(Vilvoorde, 3 november1975) is een Belgischpoliticus voor Open Vld. Tussen oktober 2020 en februari 2025 was De Croopremier van Belgiëvan de zogenaamde Vivaldicoalitie. Hij werd aangeduid als directeur van het VN-Ontwikkelingsprogramma."
https://nl.wikipedia.org/wiki/Henri_de_Brouck%C3%A8re,nl,"Henri Ghislain Joseph Marie Hyacinthe de Brouckère(Brugge,25 januari1801-Brussel,25 januari1891) was een Belgischliberaalpoliticus. Hij was onder meer eerste minister,volksvertegenwoordigeren lid van het Belgisch Nationaal Congres."
https://nl.wikipedia.org/wiki/Albert_Goblet_d%27Alviella,nl,"Albert Joseph Goblet, sinds 1838 graaf Goblet d'Alviella(Doornik,26 mei1790–Brussel,5 mei1873) was een Belgischpoliticus en officier."
https://nl.wikipedia.org/wiki/Sylvain_Van_de_Weyer,nl,"Jean-Sylvain Van de Weyer(Leuven,19 januari1802–Londen,23 mei1874), beter bekend als Sylvain Van de Weyer, was een van de grondleggers van de Belgische Staat, en later ookeerste minister."
https://nl.wikipedia.org/wiki/Jules_de_Burlet,nl,"Jules Philippe Marie de Burlet(Elsene,10 april1844-Nijvel,1 maart1897) was een Belgischkatholiekpoliticus."
https://nl.wikipedia.org/wiki/Paul-Emile_Janson,nl,"Paul-Emile Janson(Brussel,30 mei1872- concentratiekamp Buchenwald,3 maart1944) was de Belgischeeerste ministervan november 1937 tot mei 1938."
https://nl.wikipedia.org/wiki/Jules_Malou,nl,"Jules Edouard François-Xavier Malou(Ieper,19 oktober1810-Sint-Lambrechts-Woluwe,11 juli1886) was een Belgischpoliticus. Hij was onder meer leider van de Katholieke Partij,volksvertegenwoordiger,senatoreneerste minister."
https://nl.wikipedia.org/wiki/Charles_de_Broqueville,nl,"Charles Marie Pierre Albert graaf de Broqueville(Postel,4 december1860-Brussel,5 september1940) was de Belgischekabinetsleider tijdens de Eerste Wereldoorlog(van17 juni1911 tot1 juni1918) en eerste minister van22 oktober1932 tot20 november1934. Hij was lid van de Katholieke Partij."
https://nl.wikipedia.org/wiki/Joseph_Pholien,nl,"Joseph Clovis Louis Marie Emmanuel Pholien(Luik,28 december1884–Brussel,4 januari1968) was een Belgischpoliticusvan de PSC."
https://nl.wikipedia.org/wiki/Jean_Van_Houtte,nl,"Jean Maria Josephus baron Van Houtte(Gent,17 maart1907–Brussel,23 mei1991) was een Belgischadvocaat,hoogleraarenpoliticusvan de CVP."
https://nl.wikipedia.org/wiki/Walth%C3%A8re_Fr%C3%A8re-Orban,nl,"Hubert Joseph Walthère Frère-Orban(Luik,24 april1812–Brussel,2 januari1896) was een Belgischliberaalpoliticusdie zijn stempel heeft gedrukt op de eerste halve eeuw onafhankelijkheid van België."
https://nl.wikipedia.org/wiki/Gerard_Cooreman,nl,"Gérard François Marie (Gerard) Cooreman(Gent,25 maart1852–Brussel,2 december1926) was een Belgischadvocaatenpoliticusvoor dekatholieke Partij."
https://nl.wikipedia.org/wiki/Jules_Vandenpeereboom,nl,"Jules Pierre Henri François Xavier Vandenpeereboom(Kortrijk,18 maart1843-Anderlecht,6 maart1917) was een Belgischkatholiekpoliticus."
https://nl.wikipedia.org/wiki/Paul_de_Smet_de_Naeyer,nl,"Paul Joseph graaf de Smet de Naeyer(Gent,13 mei1843–Brussel,9 september1913) was een Belgischkatholiekpoliticus."
https://nl.wikipedia.org/wiki/Jules_de_Trooz,nl,"Baron Jules Henri Ghislain Marie de Trooz(Leuven,21 februari1857-Brussel,31 december1907) was een Belgischkatholiekpoliticus."
https://nl.wikipedia.org/wiki/Jules_Joseph_d%27Anethan,nl,"Jules Joseph d'Anethan(Brussel,23 april1803-Schaarbeek,8 oktober1888) was een Belgischpoliticus. Hij waspremiervan 2 juli 1870 tot 7 december 1871."
https://nl.wikipedia.org/wiki/Charles_Michel,nl,"Charles Yves Jean Ghislaine Michel(Namen,21 december1975) is een Belgischpoliticus voor de partij Mouvement Réformateur(MR). Van 11 oktober 2014 tot 27 oktober 2019 was hijpremier van Belgiëin de regeringen Michel Ien Michel II. Op 2 juli 2019 werd hij verkozen alsvoorzitter van de Europese Raad, in opvolging van Donald Tusk, een functie die hij van 1 december 2019 tot 30 november 2024 uitoefende."
https://nl.wikipedia.org/wiki/Sophie_Wilm%C3%A8s,nl,"Sophie Wilmès(Elsene,15 januari1975) is een Belgischpoliticavan de MR. Van 27 oktober 2019 tot 1 oktober 2020 was ze de eerste vrouwelijkepremiervan België. Vanaf 1 oktober 2020 was ze vicepremier en minister van Buitenlandse Zaken en Buitenlandse Handel. Om familiale redenen legde ze op 21 april 2022 haar bevoegdheden als minister tijdelijk neer. Op 15 juli 2022 legde ze haar functie definitief neer."
https://en.wikipedia.org/wiki/George_Washington,en,"George Washington(February 22, 1732 –December 14, 1799) was a Founding Fatherand the firstpresident of the United States, serving from 1789 to 1797. As commander of the Continental Army, Washington led Patriotforces to victory in the American Revolutionary Waragainst the British Empire. He is commonly known as the Father of the Nationfor his role in bringing about American independence."
https://en.wikipedia.org/wiki/Barack_Obama,en,"Barack Hussein Obama II (born August 4, 1961) is an American politician who served as the 44 thpresident of the United Statesfrom 2009 to 2017. A member of the Democratic Party, he was the first African Americanpresident. Obama previously served as a U. S. senatorrepresenting Illinois from 2005 to 2008 and as an Illinois state senatorfrom 1997 to 2004."
https://en.wikipedia.org/wiki/Abraham_Lincoln,en,"Abraham Lincoln (February 12, 1809 – April 15, 1865) was the 16 thpresident of the United States, serving from 1861 untilhis assassinationin 1865. He led the United States through the American Civil War, defeating the Confederate Statesand playing a major role in theabolition of slavery."
https://en.wikipedia.org/wiki/George_W._Bush,en,"George Walker Bush (born July 6, 1946) is an American politician, businessman, and former U. S. Air Forceofficer who was the 43 rdpresident of the United Statesfrom 2001 to 2009. A member of the Republican Partyand the eldest son of the 41 st president,George H. W. Bush, he served as the 46 thgovernor of Texasfrom 1995 to 2000."
https://en.wikipedia.org/wiki/Bill_Clinton,en,"William Jefferson Clinton(born William Jefferson Blythe III, August 19, 1946) is an American politician and lawyer who was the 42 ndpresident of the United Statesfrom 1993 to 2001. A member of the Democratic Party, he previously served as theattorney general of Arkansasfrom 1977 to 1979 and as thegovernor of Arkansasfrom 1979 to 1981, and again from 1983 to 1992. His centrist ""Third Way""political philosophybecame known as Clintonism, which dominatedhis presidencyand the succeeding decades of Democratic Party history."
https://en.wikipedia.org/wiki/Joe_Biden,en,"Joseph Robinette Biden Jr. (born November 20, 1942) is an American politician who served as the 46 thpresident of the United Statesfrom 2021 to 2025. A member of the Democratic Party, he represented Delawarein the United States Senatefrom 1973 to 2009 and also served as the 47 thvice presidentunder President Barack Obamafrom 2009 to 2017."
https://en.wikipedia.org/wiki/Franklin_D._Roosevelt,en,"Franklin Delano Roosevelt (January 30, 1882 – April 12, 1945), also known as FDR, was the 32 ndpresident of the United States, serving from 1933 until his death in 1945. A member of the Democratic Party, he is thelongest-serving U. S. president, as well as the only one to have served more than two terms. Hisfirst two termswere centered on combating the Great Depression, while histhird and fourthsaw him shift his focus to America's involvement in World War II."
https://en.wikipedia.org/wiki/Andrew_Johnson,en,"Andrew Johnson(December 29, 1808 – July 31, 1875) was the 17 thpresident of the United States, serving from 1865 to 1869. The 16 thvice president, he assumed the presidency followingthe assassinationof Abraham Lincoln. Johnson was a War Democratwho ran with Lincoln on the National Union Partyticket in the1864 presidential election, coming to office as the American Civil Warconcluded. Johnson favored quick restoration of theseceded states to the Unionwithout protection for thenewly freed peoplewho were formerlyenslaved, as well aspardoning ex-Confederates. This led to conflict with the Republican Party-dominated U. S. Congress, culminating inhis impeachmentby the House of Representativesin 1868. He was acquittedin the Senateby one vote."
https://en.wikipedia.org/wiki/Gerald_Ford,en,"Gerald Rudolph Ford Jr.(born Leslie Lynch King Jr.; July 14, 1913 – December 26, 2006) was the 38 thpresident of the United States, serving from 1974 to 1977. A member of the Republican Party, Ford assumed the presidency afterthe resignationof Richard Nixon, under whom he had served as the 40 thvice presidentfrom 1973 to 1974 following the resignation of Spiro Agnew. Prior to that, he served as a member of the U. S. House of Representativesfrom 1949 to 1973."
https://en.wikipedia.org/wiki/Richard_Nixon,en,"Richard Milhous Nixon(January 9, 1913 – April 22, 1994) was the 37 thpresident of the United States, serving from 1969 untilhis resignationin 1974. A member of the Republican Party, he represented Californiain both houses of the United States Congressbefore serving as the 36 thvice presidentunder President Dwight D. Eisenhowerfrom 1953 to 1961. His presidencysaw the reduction of U. S. involvement in the Vietnam War,détentewith the Soviet Unionand China, the Apollo 11 Moon landing, and the establishment of the Environmental Protection Agencyand Occupational Safety and Health Administration. Nixon's second term ended early when he became the only U. S. president to resign from office, as a result of the Watergate scandal."
https://en.wikipedia.org/wiki/Lyndon_B._Johnson,en,"Lyndon Baines Johnson(/ˈlɪndənˈbeɪnz/; August 27, 1908 – January 22, 1973), also known as LBJ, was the 36 thpresident of the United States, serving from 1963 to 1969. He became president afterthe assassinationof John F. Kennedy, under whom he had served as the 37 thvice presidentfrom 1961 to 1963. ASouthern Democrat, Johnson previously represented Texasin Congressfor over 23 years, first as a U. S. representativefrom 1937 to 1949, and then as a U. S. senatorfrom 1949 to 1961."
https://en.wikipedia.org/wiki/John_F._Kennedy,en,"John Fitzgerald Kennedy(May 29, 1917 – November 22, 1963), also known as JFK, was the 35 thpresident of the United States, serving from 1961 untilhis assassinationin 1963. He was theyoungestpersonelectedpresident at 43 years. Kennedy served at the height of the Cold War, and the majority of his foreign policy concerned relations with the Soviet Unionand Cuba. A member of the Democratic Party, Kennedy represented Massachusettsin both houses of the United States Congressbefore his presidency."
https://en.wikipedia.org/wiki/Dwight_D._Eisenhower,en,"Dwight David""Ike""Eisenhower (born David Dwight Eisenhower; October 14, 1890 – March 28, 1969) was the 34 thpresident of the United States, serving from 1953 to 1961. During World War II, he was Supreme Commander of the Allied Expeditionary Forcein Europe and achieved thefive-star rankas General of the Army. Eisenhower planned and supervised two of the most consequential military campaigns of World War II:Operation Torchin the North Africa campaignin 1942–1943 and theinvasion of Normandyin 1944."
https://en.wikipedia.org/wiki/Ronald_Reagan,en,"Ronald Wilson Reagan (February 6, 1911 – June 5, 2004) was an American politician and actor who served as the 40 thpresident of the United Statesfrom 1981 to 1989. A member of the Republican Party, he became an important figure in the American conservative movement. The period encompassinghis presidencyis known as the Reagan era."
https://en.wikipedia.org/wiki/Harry_S._Truman,en,"Harry S. Truman(May 8, 1884 – December 26, 1972) was the 33 rdpresident of the United States, serving from 1945 to 1953. As the 34 thvice presidentin 1945, he assumed the presidency upon the death of Franklin D. Rooseveltthat year. Subsequently, Truman implemented the Marshall Planin theaftermath of World War IIto rebuild the economy of Western Europe, and established both the Truman Doctrineand NATOto contain the expansion of Soviet communism. A member of the Democratic Party, he proposed numerous New Deal coalitionliberal domestic reforms, but few were enacted by theconservative coalitionthat dominated the United States Congress."
https://en.wikipedia.org/wiki/John_Adams,en,"John Adams(October 30, 1735 – July 4, 1826) was a Founding Fatherand the secondpresident of the United Statesfrom 1797 to 1801. Beforehis presidency, he was a leader of the American Revolutionthat achieved independence from Great Britain. During the latter part of the Revolutionary Warand in the early years of the new nation, he served the Continental Congressof the United States as a senior diplomat in Europe. Adams was the first person to hold the office ofvice president of the United States, serving from 1789 to 1797. He was a dedicated diarist and regularly corresponded with important contemporaries, including his wife and advisor Abigail Adamsand his friend and rival Thomas Jefferson."
https://en.wikipedia.org/wiki/Thomas_Jefferson,en,"Thomas Jefferson(April 13 , 1743 – July 4, 1826) was an American Founding Fatherand the thirdpresident of the United Statesfrom 1801 to 1809. He was the primary author of the Declaration of Independence. Jefferson was the nation's first U. S. secretary of stateunder George Washingtonand then the nation's secondvice presidentunder John Adams. Jefferson was a leading proponent of democracy,republicanism, andnatural rights, and he produced formative documents and decisions at the state, national, and international levels."
https://en.wikipedia.org/wiki/James_Madison,en,"James Madison(March 16, 1751 – June 28, 1836) was an American statesman, diplomat, and Founding Fatherwho served as the fourthpresident of the United Statesfrom 1809 to 1817. Madison was popularly acclaimed as the ""Father of the Constitution"" for his pivotal role in drafting and promoting the Constitution of the United Statesand the Bill of Rights."
https://en.wikipedia.org/wiki/James_Monroe,en,"James Monroe(/mənˈroʊ/mən-ROH; April 28, 1758 – July 4, 1831) was an American Founding Fatherwho served as the fifthpresident of the United Statesfrom 1817 to 1825. He was the last Founding Father to serve as president as well as the last president of the Virginia dynasty. Monroe was a member of the Democratic-Republican Party, andhis presidencycoincided with the Era of Good Feelings, concluding the First Party Systemera of American politics. He issued the Monroe Doctrine, a policy of limiting European colonialism in the Americas. Monroe previously served as Governor of Virginia, a member of the United States Senate, U. S. ambassador to France and Britain, the seventh secretary of state, and the eighth secretary of war."
https://en.wikipedia.org/wiki/John_Quincy_Adams,en,"John Quincy Adams(/ˈkwɪnzi/ⓘ; July 11, 1767 – February 23, 1848) was the sixthpresident of the United States, serving from 1825 to 1829. He previously served as the eighth United States secretary of statefrom 1817 to 1825. During his long diplomatic and political career, Adams served as an ambassador and also as a member of the United States Congressrepresenting Massachusettsin both chambers. He was the eldest son of John Adams, the second president, and First Lady Abigail Adams. Initially a Federalistlike his father, he won election to the presidency as a member of the Democratic-Republican Party, and later, in the mid-1830 s, became affiliated with the Whig Party."
https://en.wikipedia.org/wiki/Andrew_Jackson,en,"Andrew Jackson(March 15, 1767 – June 8, 1845) was the seventhpresident of the United Statesfrom 1829 to 1837. He rose to fame as a U. S. Armygeneral and served in both houses of the U. S. Congress. His political philosophy, which dominatedhis presidency, became the basis for the rise of Jacksonian democracy. His legacy is controversial: he has been praised as an advocate for working Americans andpreserving the union of states, and criticized for his racist policies, particularly towards Native Americans."
https://en.wikipedia.org/wiki/Martin_Van_Buren,en,"Martin Van Buren(/vænˈbjʊərən/van BYOO-rən;Dutch:Maarten van Buren ⓘ; December 5, 1782 – July 24, 1862) was the eighthpresident of the United States, serving from 1837 to 1841. A primary founder of the Democratic Party, Van Buren held a number of prominent offices. He served as New York's attorney generaland U. S. senator, then briefly as the ninthgovernor of New York. After joining Andrew Jackson's administration, he served as the tenth United States secretary of state, minister to the United Kingdom, and ultimately, as the eighthvice presidentfrom 1833 to 1837, after being elected on Jackson's ticket in1832. Van Buren won the presidency in1836 against divided Whig opponents. He lost re-election in1840, and failed to win the Democratic nomination in1844. Later in his life, Van Buren re-emerged as an elder statesman and ananti-slaveryleader who led the Free Soil Partyticket in the1848 presidential election."
https://en.wikipedia.org/wiki/William_Henry_Harrison,en,"William Henry Harrison(February 9, 1773 – April 4, 1841) was the ninthpresident of the United States, serving from March 4 to April 4, 1841, the shortest presidency in U. S. history. He was also the first U. S. president to die in office, causing a briefconstitutional crisis, sincepresidential successionwas not then fully defined in the U. S. Constitution. Harrison was the last president born as a British subject in the Thirteen Colonies. He was a member of the Harrison family of Virginia, and a son of Benjamin Harrison V, who was a U. S. Founding Father. His own son John Scott Harrisonwas the father of Benjamin Harrison, the 23 rd U. S. president."
https://en.wikipedia.org/wiki/John_Tyler,en,"John Tyler(March 29, 1790 – January 18, 1862) was the tenthpresident of the United States, serving from 1841 to 1845, after briefly holding office as the tenthvice presidentin 1841. He was elected vice president on the1840 Whigticket with President William Henry Harrison, succeeding to the presidency following Harrison's death 31 days after assuming office. Tyler was a stalwart supporter and advocate ofstates' rights, including regardingslavery, and he adoptednationalisticpolicies as president only when they did not infringe on the states' powers. His unexpected rise to the presidency posed a threat to the presidential ambitions of Henry Clayand other Whig politicians and left Tyler estranged from both of the nation's major political parties at the time."
https://en.wikipedia.org/wiki/James_K._Polk,en,"James Knox Polk(/poʊk/; November 2, 1795 – June 15, 1849) was the 11 thpresident of the United States, serving from 1845 to 1849. A protégé of Andrew Jacksonand a member of the Democratic Party, he was an advocate of Jacksonian democracyand American expansionism. Polk saw Texasjoin the Union in his first year in office, one of the precipitating causes that soon led the U. S. into the Mexican–American War. The settlement of that war expanded American territory to the Pacific Ocean. During his term, the dispute over the Oregon Territorywith the United Kingdom was also resolved, creating the present U. S.-Canadian boundary."
https://en.wikipedia.org/wiki/Zachary_Taylor,en,"Zachary Taylor(November 24, 1784 – July 9, 1850) was an American military officer and politician who was the 12 thpresident of the United States, serving from 1849 until his death in 1850. Taylor was a career officer in the United States Army, rising to the rank ofmajor generaland becoming a national hero for his victories in the Mexican–American War. As a result, he won election to the White Housedespite his vague political beliefs. His top priority as president was to preserve the Union. He died 16 months into his term from a stomach disease. Taylor had the third-shortest presidential term in U. S. history."
https://en.wikipedia.org/wiki/Millard_Fillmore,en,"Millard Fillmore(January 7, 1800 – March 8, 1874) was the 13 thpresident of the United States, serving from 1850 to 1853. He was the last president to be a member of the Whig Partywhile in the White House, and the last to be neither a Democratnor a Republican. A former member of the U. S. House of Representatives, Fillmore was electedvice presidentin1848, and succeeded to the presidency when Zachary Taylordied in 1850. Fillmore was instrumental in passing the Compromise of 1850, which led to a brief truce in the battle over the expansion ofslavery."
https://en.wikipedia.org/wiki/Franklin_Pierce,en,"Franklin Pierce(November 23, 1804 – October 8, 1869) was the 14 thpresident of the United States, serving from 1853 to 1857. A northern Democratwho believed that theabolitionist movementwas a fundamental threat to national unity, he alienated anti-slavery groups by signing the Kansas–Nebraska Actand enforcing the Fugitive Slave Act. Conflict between North and South continued after Pierce's presidency, and, following Abraham Lincoln's victory in the1860 presidential election, the Southern states seceded, resulting in the American Civil War."
https://en.wikipedia.org/wiki/James_Buchanan,en,"James Buchanan Jr.(/bjuːˈkænən/ⓘbew-KAN-ən; April 23, 1791 – June 1, 1868) was the 15 thpresident of the United States, serving from 1857 to 1861. He also served as thesecretary of statefrom 1845 to 1849 and represented Pennsylvaniain both houses of the U. S. Congress. Buchanan was an advocate forstates' rights, particularly regardingslavery, and minimized the role of thefederal governmentpreceding the American Civil War."
https://en.wikipedia.org/wiki/Donald_Trump,en,"Donald John Trump(born June 14, 1946) is an American politician, media personality, and businessman who is the 47 thpresident of the United States. A member of the Republican Party, he served as the 45 th president from 2017 to 2021."
https://en.wikipedia.org/wiki/George_H._W._Bush,en,"George Herbert Walker Bush (June 12, 1924 – November 30, 2018) was the 41 stpresident of the United States, serving from 1989 to 1993. A member of the Republican Party, he also served as the 43 rdvice presidentunder President Ronald Reaganfrom 1981 to 1989 and previously in various otherfederal positions."
https://en.wikipedia.org/wiki/Jimmy_Carter,en,"James Earl Carter Jr.(October 1, 1924 – December 29, 2024) was an American politician and humanitarian who served as the 39 thpresident of the United Statesfrom 1977 to 1981. A member of the Democratic Party, Carter served from 1971 to 1975 as the 76 thgovernor of Georgiaand from 1963 to 1967 in the Georgia State Senate. He is thelongest-lived president in U. S. historyand the only one to reach theage of 100."
https://en.wikipedia.org/wiki/Theodore_Roosevelt,en,"Theodore Roosevelt Jr. (October 27, 1858 – January 6, 1919), also known as Teddyor T. R., was the 26 thpresident of the United States, serving from 1901 to 1909. Roosevelt previously was involved in New Yorkpolitics, including serving as the state's33 rd governorfor two years. He served as the 25 thvice presidentunder President William Mc Kinleyfor six months in 1901, assuming the presidency after Mc Kinley's assassination. As president, Roosevelt emerged as a leader of the Republican Partyand became a driving force foranti-trustand Progressive Erapolicies."
https://en.wikipedia.org/wiki/Woodrow_Wilson,en,"Thomas Woodrow Wilson(December 28, 1856 – February 3, 1924) was the 28 thpresident of the United States, serving from 1913 to 1921. He was the only Democratto serve as president during the Progressive Erawhen Republicansdominated the presidency andlegislative branches. As president, Wilson changed the nation's economic policies and led the United States into World War I. He was the leading architect of the League of Nations, and his stance on foreign policy came to be known as Wilsonianism."
https://en.wikipedia.org/wiki/James_A._Garfield,en,"James Abram Garfield(November 19, 1831 – September 19, 1881) was the 20 thpresident of the United States, serving from March 1881 untilhis deathin September that year after being shot two months earlier. A preacher, lawyer, and Civil Wargeneral, Garfield served nine terms in the United States House of Representativesand is the only sitting member of the House to be elected president. Before his candidacy for the presidency, he had been elected to the U. S. Senateby the Ohio General Assembly—a position he declined when he becamepresident-elect."
https://en.wikipedia.org/wiki/Ulysses_S._Grant,en,"Ulysses S. Grant(born Hiram Ulysses Grant; April 27, 1822 – July 23, 1885) was the 18 thpresident of the United States, serving from 1869 to 1877. In 1865, ascommanding general, Grant led the Union Armyto victory in the American Civil War."
https://en.wikipedia.org/wiki/William_McKinley,en,"William Mc Kinley(January 29, 1843 – September 14, 1901) was the 25 thpresident of the United States, serving from 1897 untilhis assassinationin 1901. A member of the Republican Party, he led a realignment that made Republicanslargely dominant in the industrial states and nationwidefor decades. Mc Kinley successfully led the U. S. in the Spanish–American Warand oversaw a period of American expansionism, with the annexations of Hawaii,Puerto Rico,Guam, the Philippines, and American Samoa."
https://en.wikipedia.org/wiki/Grover_Cleveland,en,"Stephen Grover Cleveland(March 18, 1837 – June 24, 1908) was the 22 nd and 24 thpresident of the United States, serving from 1885 to 1889 and from 1893 to 1897. He was the first U. S. president to serve nonconsecutive terms and the first Democratelected president after the American Civil War."
https://en.wikipedia.org/wiki/Herbert_Hoover,en,"Herbert Clark Hoover(August 10, 1874 – October 20, 1964) was the 31 stpresident of the United States, serving from 1929 to 1933. A wealthy mining engineer before his presidency, Hoover led the wartime Commission for Relief in Belgiumand was the director of the U. S. Food Administration, followed by post-war relief of Europe. As a member of the Republican Party, he served as the third United States secretary of commercefrom 1921 to 1928 before beingelected president in 1928. His presidency was dominated by the Great Depression, and his policies and methods to combat it were seen as lackluster. Amid his unpopularity, he decisively lost reelection to Franklin D. Rooseveltin1932."
https://en.wikipedia.org/wiki/Warren_G._Harding,en,"Warren Gamaliel Harding(November 2, 1865 – August 2, 1923) was the 29 thpresident of the United States, serving from 1921 until his death in 1923. A member of the Republican Party, he was one of the most popular presidents at the time of his death. After his death, a number of scandals were exposed that greatly damaged his reputation."
https://en.wikipedia.org/wiki/Chester_A._Arthur,en,"Chester Alan Arthur(October 5, 1829 – November 18, 1886) was the 21 stpresident of the United States, serving from 1881 to 1885. He was a Republicanfrom New York who previously served as the 20 thvice presidentunder President James A. Garfield. Assuming the presidency after Garfield's assassination, Arthur's administration saw the largest expansion of the U. S. Navy, the end of the so-called ""spoils system"", and the implementation of harsher restrictions for migrants entering from abroad."
https://en.wikipedia.org/wiki/William_Howard_Taft,en,"William Howard Taft(September 15, 1857 – March 8, 1930) was the 27 thpresident of the United Statesfrom 1909 to 1913 and the tenthchief justice of the United Statesfrom 1921 to 1930. He is the only person to have held both offices."
https://en.wikipedia.org/wiki/Benjamin_Harrison,en,"Benjamin Harrison(August 20, 1833 – March 13, 1901) was the 23 rdpresident of the United States, serving from 1889 to 1893. He was a member of the Harrison family of Virginia—a grandson of the ninth president,William Henry Harrison, and a great-grandson of Benjamin Harrison V, a Founding Father. A Union army veteran and a Republican, he defeated incumbent Grover Clevelandto win the presidency in 1888."
https://en.wikipedia.org/wiki/Rutherford_B._Hayes,en,"Rutherford Birchard Hayes(/ˈrʌðərfərd/ⓘ; October 4, 1822 – January 17, 1893) was the 19 thpresident of the United States, serving from 1877 to 1881. Hayes served as Cincinnati's city solicitor from 1858 to 1861 and was known as a staunchabolitionistwho defended refugee slaves in court proceedings. At the start of the Civil War, he left a fledgling political career to join the Union army. He was wounded five times, most seriously at the Battle of South Mountainin 1862. Hayes earned a reputation for bravery in combat, rising in the ranks to serve asbrevetmajor general. After the war, he was a prominent member of the ""Half-Breed"" faction of the Republican Party. He served in Congress from 1865 to 1867 and was elected governor of Ohio, serving two consecutive terms from 1868 to 1872 and half of a third two-year term from 1876 to 1877 before his swearing-in as president."
https://en.wikipedia.org/wiki/Calvin_Coolidge,en,"Calvin Coolidge(born John Calvin Coolidge Jr.; /ˈkuːlɪdʒ/KOOL-ij; July 4, 1872 – January 5, 1933) was the 30 thpresident of the United States, serving from 1923 to 1929. ARepublicanlawyer from Massachusetts, he previously served as the 29 thvice presidentfrom 1921 to 1923, under President Warren G. Harding, and as the 48 thgovernor of Massachusettsfrom 1919 to 1921. Coolidge gained a reputation as asmall-government conservative, with a taciturn personality and dry sense of humor that earned him the nickname ""Silent Cal""."
"https://ru.wikipedia.org/wiki/%D0%9F%D1%83%D1%82%D0%B8%D0%BD,_%D0%92%D0%BB%D0%B0%D0%B4%D0%B8%D0%BC%D0%B8%D1%80_%D0%92%D0%BB%D0%B0%D0%B4%D0%B8%D0%BC%D0%B8%D1%80%D0%BE%D0%B2%D0%B8%D1%87",ru,"Влади́мир Влади́мирович Пу́тин(род.7 октября1952,Ленинград,СССР) —российскийгосударственныйиполитическийдеятель. Действующийпрезидент Российской Федерации, председательГосударственного Совета Российской ФедерациииСовета Безопасности Российской Федерации;Верховный главнокомандующий Вооружёнными силами Российской Федерациис 7 мая 2012 года. Ранее занимал должность президента с 7 мая 2000 по 7 мая 2008 года, также в 1999—2000 и 2008—2012 годах занимал должностьпредседателя правительства Российской Федерации.Де-факторуководит Россией, согласно разным оценкам, с1999 или с2000года ."
"https://ru.wikipedia.org/wiki/%D0%9C%D0%B5%D0%B4%D0%B2%D0%B5%D0%B4%D0%B5%D0%B2,_%D0%94%D0%BC%D0%B8%D1%82%D1%80%D0%B8%D0%B9_%D0%90%D0%BD%D0%B0%D1%82%D0%BE%D0%BB%D1%8C%D0%B5%D0%B2%D0%B8%D1%87",ru,"Дми́трий Анато́льевич Медве́дев(род.14 сентября1965,Ленинград,СССР) —российскийгосударственный иполитический деятель. Первый заместитель председателя Военно-промышленной комиссии Российской Федерации с 26 декабря 2022 года. Заместитель председателяСовета Безопасности Российской Федерациис 16 января 2020 года. Председатель партии «Единая Россия» с 26 мая 2012 года .Президент Российской Федерации(7 мая 2008 — 7 мая 2012).Председатель Правительства Российской Федерации(8 мая 2012 — 15 января 2020) ."
"https://ru.wikipedia.org/wiki/%D0%95%D0%BB%D1%8C%D1%86%D0%B8%D0%BD,_%D0%91%D0%BE%D1%80%D0%B8%D1%81_%D0%9D%D0%B8%D0%BA%D0%BE%D0%BB%D0%B0%D0%B5%D0%B2%D0%B8%D1%87",ru,"Бори́с Никола́евич Е́льцин(1 февраля1931(1931-02-01),Бутка,Буткинский район,Уральская область,РСФСР,СССР—23 апреля2007,Москва,Россия) —советскийироссийскийпартийный, государственный и политический деятель, первыйПрезидент Российской Федерации(1991—1999)➤; в ноябре 1991 — июне 1992 года одновременно возглавлялправительство России. С марта по май 1992 года исполнял обязанностиминистра обороны Российской Федерации."
https://fr.wikipedia.org/wiki/Fran%C3%A7ois_Hollande,fr,"François Hollande Écouterⓘ, né le12 août 1954àRouen(Seine-Inférieure, aujourd'hui Seine-Maritime), est unhaut fonctionnaireethomme d'Étatfrançais. Il estprésident de la République françaisedu15 mai 2012 au14 mai 2017."
https://fr.wikipedia.org/wiki/Nicolas_Sarkozy,fr,"Nicolas Sarközy de Nagy-Bocsa , dit Nicolas Sarkozy(par prononciation orthographique/ni.kɔ.lasaʁ.kɔ.zi/ Écouterⓘ; originellement Sárközyou Sárközi , prononcé enhongrois« Charkeuzy » , , ), né le28 janvier 1955àParis17 e(Seine), est unhomme d'Étatfrançais. Il estprésident de la République françaisedu16 mai 2007 au15 mai 2012."
https://fr.wikipedia.org/wiki/Fran%C3%A7ois_Mitterrand,fr,"François Mitterrand Écouterⓘ, né le26 octobre 1916àJarnac(Charente) et mort le8 janvier 1996 dans le7 earrondissement de Paris, est unhomme d'Étatfrançais,président de la Républiquedu21 mai 1981 au17 mai 1995."
https://fr.wikipedia.org/wiki/Charles_de_Gaulle,fr,Général de Gaulle
https://fr.wikipedia.org/wiki/Jacques_Chirac,fr,"Jacques Chirac(/ʒakʃiʁak/ Écouterⓘ), né le29 novembre 1932 dans le5 earrondissementde Pariset mort le26 septembre 2019 dans le6 earrondissementde la même ville, est unhomme d'Étatfrançais. Il est Premier ministrede 1974 à 1976 et de 1986 à 1988, puisprésident de la Républiquede 1995 à 2007."
https://fr.wikipedia.org/wiki/Val%C3%A9ry_Giscard_d%27Estaing,fr,"Valéry Giscard d'Estaing Écouterⓘ— communément appelé «Giscard» ou désigné par ses initiales, «VGE» —, né le2 février 1926àCoblence(Allemagne) et mort le2 décembre 2020àAuthon(France), est unhomme d'Étatfrançais,président de la Républiquedu27 mai 1974 au21 mai 1981."
https://fr.wikipedia.org/wiki/Georges_Pompidou,fr,"Georges Pompidou(Écouterⓘ), né le5 juillet 1911àMontboudif(Cantal) etmortle2 avril 1974 dans le4 earrondissement de Paris, est unhaut fonctionnaireethomme d'Étatfrançais. Il est Premier ministredu14 avril 1962 au10 juillet 1968 etprésident de la Républiquedu20 juin 1969 jusqu'à sa mort le 2 avril 1974."
https://fr.wikipedia.org/wiki/Adolphe_Thiers,fr,"Adolphe Thiers, né le15 avril 1797(26 germinalan V) àMarseille(Bouches-du-Rhône) et mort le3 septembre 1877àSaint-Germain-en-Laye(Seine-et-Oise), est unavocat,journaliste,historienethomme d'Étatfrançais."
https://fr.wikipedia.org/wiki/Napol%C3%A9on_III,fr,"Louis-Napoléon Bonaparte, né le20 avril 1808àParis(France) et mort le9 janvier 1873àChislehurst(Royaume-Uni), est unmonarqueethomme d'Étatfrançais. Il est à la fois l'uniqueprésidentde la Deuxième République, le premierchef d'État françaisélu ausuffrage universel masculinle10 décembre 1848, le premierprésident de la République françaiseet, après la proclamation de l'Empirele2 décembre 1852, le derniermonarquedu pays en tant qu'empereur des Françaissous le nom de Napoléon III."
https://fr.wikipedia.org/wiki/Paul_Doumer,fr,"Joseph Athanase Doumer, dit Paul Doumer, né le22 mars 1857àAurillac(Cantal) et mortassassinéle7 mai 1932àParis(Seine), est unhomme d'Étatfrançais. Il estprésident de la Républiquedu13 juin 1931à sa mort."
https://fr.wikipedia.org/wiki/Alain_Poher,fr,"Alain Poher, né le17 avril 1909àAblon-sur-Seine(Seine-et-Oise) et mort le9 décembre 1996àParis16 e, est unhomme d'Étatfrançais. Président du Sénatde 1968 à 1992, il exerce à ce titre les fonctions deprésident de la Républiqueparintérimen 1969 et 1974."
https://fr.wikipedia.org/wiki/Albert_Lebrun,fr,"Albert Lebrun, né le29 août 1871àMercy-le-Haut(alors dans la partie de la Mosellerestée française après letraité de Francfort) et mort le6 mars 1950àParis(alors dans ledépartement de la Seine), est unhomme d'Étatfrançais. Il estprésident de la République françaisedu10 mai 1932 au11 juillet 1940(le dernier de la IIIe République)."
https://fr.wikipedia.org/wiki/Ren%C3%A9_Coty,fr,"René Coty, né le20 mars 1882 au Havreet mort le22 novembre 1962 dans la même ville, est unhomme d'Étatfrançais. Il estprésident de la Républiquedu16 janvier 1954 au8 janvier 1959."
https://fr.wikipedia.org/wiki/Vincent_Auriol,fr,"Vincent Auriol, né le27 août 1884àRevel(Haute-Garonne) et mort le1 erjanvier 1966àParis, est unhomme d'Étatfrançais. Il estprésident de la Républiquedu16 janvier 1947 au16 janvier 1954."
https://fr.wikipedia.org/wiki/Patrice_de_Mac_Mahon,fr,"Certaines informations figurant dans cet article ou cette section devraient être mieux reliées aux sources mentionnées dans les sections « Bibliographie », « Sources » ou « Liens externes »(août 2025)."
https://fr.wikipedia.org/wiki/%C3%89mile_Loubet,fr,"Certaines informations figurant dans cet article ou cette section devraient être mieux reliées aux sources mentionnées dans les sections « Bibliographie », « Sources » ou « Liens externes »(août 2025)."
https://fr.wikipedia.org/wiki/Raymond_Poincar%C3%A9,fr,"Raymond Poincaré, né le20 août 1860àBar-le-Duc(Meuse) et mort le15 octobre 1934àParis, est unavocatethomme d'Étatfrançais. Il est leprésident de la République françaisedu18 février 1913 au18 février 1920."
https://fr.wikipedia.org/wiki/Sadi_Carnot_(homme_d%27%C3%89tat),fr,"Sadi Carnot, né le11 août 1837àLimoges(Haute-Vienne) et mortassassiné le25 juin 1894à Lyon(Rhône), est unhomme d'Étatfrançais,président de la Républiquedu3 décembre 1887à sa mort."
https://fr.wikipedia.org/wiki/Alexandre_Millerand,fr,"Alexandre Millerand, né le10 février 1859àPariset mort le6 avril 1943àVersailles, est unhomme d'Étatfrançais. Il estprésident du Conseildu20 janvierau23 septembre 1920, puisprésident de la Républiquedu23 septembre 1920 au11 juin 1924."
https://fr.wikipedia.org/wiki/Gaston_Doumergue,fr,"Gaston Doumergue, né le1 eraoût 1863àAigues-Vives(Gard) et mort le18 juin 1937 dans la même ville, est unhomme d'Étatfrançais. Il estprésident de la République françaisedu13 juin 1924 au13 juin 1931."
https://fr.wikipedia.org/wiki/F%C3%A9lix_Faure,fr,"Certaines informations figurant dans cet article ou cette section devraient être mieux reliées aux sources mentionnées dans les sections « Bibliographie », « Sources » ou « Liens externes »(août 2025)."
https://fr.wikipedia.org/wiki/Jules_Gr%C3%A9vy,fr,"Jules Grévy, né le15 août 1807àMont-sous-Vaudrey(Jura) et mort le9 septembre 1891 dans la même commune, est unhomme d'Étatfrançais,président de la Républiquedu30 janvier 1879 au2 décembre 1887."
https://fr.wikipedia.org/wiki/Armand_Falli%C3%A8res,fr,"Certaines informations figurant dans cet article ou cette section devraient être mieux reliées aux sources mentionnées dans les sections « Bibliographie », « Sources » ou « Liens externes »(août 2025)."
https://fr.wikipedia.org/wiki/Paul_Deschanel,fr,"Paul Deschanel, né le13 février 1855àSchaerbeek(Belgique) et mort le28 avril 1922àParis(France), est unhomme d'État,journalisteetécrivainfrançais,président de la Républiquedu18 févrierau21 septembre 1920."
https://fr.wikipedia.org/wiki/Georges_Bidault,fr,"Georges Bidault, né le5 octobre 1899àMoulins(Allier) et mort le27 janvier 1983àCambo-les-Bains(Pyrénées-Atlantiques), est unrésistantethomme d'Étatfrançais."
https://fr.wikipedia.org/wiki/Jean_Casimir-Perier,fr,"Certaines informations figurant dans cet article ou cette section devraient être mieux reliées aux sources mentionnées dans les sections « Bibliographie », « Sources » ou « Liens externes »(août 2025)."
https://fr.wikipedia.org/wiki/Charles_Dupuy,fr,"Charles Dupuy, né le5 novembre 1851 au Puy-en-Velay et mort le23 juillet 1923àIlle-sur-Têt, est unhomme d'Étatfrançais. Il occupe à plusieurs reprises la fonction deprésident du Conseilsous la IIIe République, entre 1893 et 1899. Il est également président de la Chambre des députésde 1893 à 1894."
https://fr.wikipedia.org/wiki/Eug%C3%A8ne_Cavaignac,fr,"Louis Eugène Cavaignac, connu aussi sous le nom degénéral Cavaignac, né le15 octobre 1802(23 vendémiairean XI) àPariset mort le28 octobre 1857 dans son château d'Ourne àFlée, est ungénéralethomme d'Étatfrançais."
https://fr.wikipedia.org/wiki/Louis_Jules_Trochu,fr,"Louis Jules Trochu, né au PalaisàBelle-Île-en-Mer(Morbihan) le12 mars 1815 et mort àTours(Indre-et-Loire) le7 octobre 1896, est ungénéral de divisionethomme d'Étatfrançaissous le Second Empire."
https://fr.wikipedia.org/wiki/Fr%C3%A9d%C3%A9ric_Fran%C3%A7ois-Marsal,fr,"Frédéric François-Marsal, né le16 mars 1874àParis8 e(Seine) et mort le20 mai 1958àGisors(Eure) , est un homme d'affaires et unhomme politiquefrançaisde la droite républicaine, dont la carrière politique a culminé avec son bref passage à laprésidence du Conseilen 1924."
https://fr.wikipedia.org/wiki/Emmanuel_Macron,fr,"Emmanuel Macron( Écouterⓘ), né le21 décembre 1977àAmiens(Somme), est unhaut fonctionnaire,banquier d'affairesethomme d'Étatfrançais. Il estprésident de la République françaisedepuis le14 mai 2017."
https://ar.wikipedia.org/wiki/%D9%85%D8%AD%D9%85%D8%AF_%D8%A7%D9%84%D8%B3%D8%A7%D8%AF%D8%B3_%D8%A8%D9%86_%D8%A7%D9%84%D8%AD%D8%B3%D9%86,ar,مُحمد السادس بن الحسن الثاني العلوي(مواليد 21 أغسطس 1963) هو ملك المملكة المغربية منذ عام 1999 والملك الثالث والعشرون للمغرب منسلالة العلويين الفيلاليين، تولى الحكم خلفًا لوالده الملكالحسن الثانيبعد وفاته، وبويع ملكًا يوم الجمعة 9 ربيع الثاني سنة 1420 هـ الموافق 23 يوليو 1999 بالقصر الملكيبالرباط.
https://ar.wikipedia.org/wiki/%D8%A7%D9%84%D8%AD%D8%B3%D9%86_%D8%A7%D9%84%D8%AB%D8%A7%D9%86%D9%8A_%D8%A8%D9%86_%D9%85%D8%AD%D9%85%D8%AF,ar,الحَسَن الثاني بِنْ مُحمد بِنْ يوسف العَلوي(9 يوليو 1929 – 23 يوليو 1999) هو ثاني ملوكالمملكة المغربيةبعد الإستقلال، والملك الثاني والعشرون للمغرب منسلالة العلويين الفيلاليين، تولى حكم المملكة المغربية خلفًا لوالده الملكمحمد الخامسفي 26 فبراير 1961 وحتى وفاته في 23 يوليو 1999. ينتمي الملك الحسن الثاني إلى السلالة العلوية التي تعود في نسبها إلىالحسن بن علي بن أبي طالب، وتحكم المغرب منذ عام 1666 ميلادية ويلقب الحاكم منهم بأمير المؤمنين.
https://ar.wikipedia.org/wiki/%D9%85%D8%AD%D9%85%D8%AF_%D8%A7%D9%84%D8%AE%D8%A7%D9%85%D8%B3_%D8%A8%D9%86_%D9%8A%D9%88%D8%B3%D9%81,ar,محمد الخامسبنيوسفبنالحسنبنمحمدبنعبد الرحمنبنهشامبنمحمدبنعبد اللهبنإسماعيلبنالشريف بن عليالعلوي وُلد (1327 هـ/10 أغسطس1909مبالقصر السلطانيبفاس) وتوفي (1381 هـ/26 فبراير1961مبالرباط) خَلَف والده السلطانمولاي يوسفالذي توفي بُكرة يوم الخميس22 جمادى الأولىسنة1346 هـموافق17 نوفمبرسنة1927م فبويع ابنه سيدي محمد سلطانا للمغرب في اليوم الموالي بعد صلاة الجمعة23 جمادى الأولىسنة1346 هـموافق18 نوفمبرسنة1927مفي القصر السلطانيبفاس ولم يزل سلطان المغرب إلى سنة1957م، قضى منها المنفى بين (1953-1955)، ثم اتخذ لقب الملك سنة1957مولم يزل ملكا إلى وفاته سنة1961م، ساند السلطانمحمد الخامسنضالاتالحركة الوطنية المغربيةالمطالبة بتحقيقالاستقلال، الشيء الذي دفعه إلى الاصطدامبسلطات الحماية. وكانت النتيجة قيام سلطات الحماية بنفيه إلىمدغشقر. وعلى إثر ذلك اندلعت مظاهرات مطالبة بعودته إلى وطنه. وأمام اشتداد حدة المظاهرات، قبلت السلطات الفرنسية بإرجاع السلطان إلى عرشه يوم16 نوفمبر1955. وبعد بضعة شهور تم إعلاناستقلالالمغرب. كان الملك محمد الخامس يكنى: أبا عبد الله.
https://ar.wikipedia.org/wiki/%D8%A7%D9%84%D9%82%D8%A7%D8%A6%D9%85_%D8%A8%D8%A3%D9%85%D8%B1_%D8%A7%D9%84%D9%84%D9%87_%D8%A7%D9%84%D8%B3%D8%B9%D8%AF%D9%8A,ar,أبو عبد الله محمد بن محمد ابن علي بن مخلوف بن زيدانالملقببالقائم بأمر اللهعميدالأسرة السعديةوأول سلطان للمغرب من الأسرة السعدية، حكم بين 1509 - 1517.
